<?xml version="1.0" encoding="UTF-8" ?>

<E-mail>
    <De> JulioAlberto.Lopez@uclm.es </De>
    <Para>
        <Destinatario>alumno1_cursoiabigdata@gmail.com</Destinatario>
        <Destinatario>alumno2_cursoiabigdata@gmail.com</Destinatario>
        <Destinatario>alumno3_cursoiabigdata@gmail.com</Destinatario>
    </Para>
    <CC> julioalbertolopezgomez@gmail.com </CC>
    <Asunto> Tutoría </Asunto>
    <Cuerpo> Estimados Alumnos. Las tutorías de esta semana se desarrollarán el próximo Jueves de 18:00 a 19:00 horas. Saludos. Julio A. </Cuerpo>
</E-mail>